<Type name="rice">
   <MetaData>
      <UItype>CSUserInterface.EmptyUI</UItype>
      <IsCrop>Yes</IsCrop>
      <ShowInMainTree>Yes</ShowInMainTree>
      <Image>%apsim%\UserInterface\Images\rice.jpg</Image>
      <Description>ORYZA is wholely owned by IRRI and is distributed in APSIM with permission. Goto http://www.knowledgebank.irri.org/oryza2000 for more info</Description>
      <Documentation name="Rice science documentation">%apsim%\Documentation\Model,CropandSoil\CropModuleDocumentation\Rice(Oryza2000).html</Documentation>
      <LargeIcon>%apsim%\UserInterface\Images\rice32.png</LargeIcon>
      <SmallIcon>%apsim%\UserInterface\Images\rice16.png</SmallIcon>
      <dll>%apsim%/Model/Oryza.%dllext%</dll>
      <drops>
         <drop>toolbox</drop>
         <drop>area</drop>
         <drop>simulation</drop>
         <drop>folder</drop>
      </drops>
      <ApsimToSim>
         <component name="[rice.name]" executable="[dll]" class="Oryza.Rice">
            <executable name="[dll]" version="1.0"/>
            <initdata>
               [Model]
            </initdata>
         </component>
      </ApsimToSim>
   </MetaData>
   <Model>
      <!--  This file is derived from:
      **********************************************************************
      * Crop data file for ORYZA2000 rice growth model                     *
      * File name   : IR72.D92                                             *
      * Crop        : Oryza sativa cv. IR72                                *
      * Experiment  : Parameter values derived from various experiments    *
      *               at IRRI, Los Banos, Philippines.                     *
      * Information : Bouman BAM, Kropff MJ, Tuong TP, Wopereis, MCS, ten  *
      *               Berge HFM, van Laar, HH. ORYZA2000. IRRI, Los Banos. *
      **********************************************************************
      Oryza sativa cv. IR72
      -->
      <IR58 cultivar="yes">
         <DVRJ description="Development rate in juvenile phase (oCd-1)">.000873     </DVRJ>
         <DVRI description="Development rate in photoperiod-sensitive phase (oCd-1)">.000738     </DVRI>
         <DVRP description="Development rate in panicle development (oCd-1)">.000710     </DVRP>
         <DVRR description="Development rate in reproductive phase (oCd-1)">.001765     </DVRR>
         <MOPP description="Maximum optimum photoperiod (h)">11.50      </MOPP>
         <PPSE description="Photoperiod sensitivity (h-1)">0.0        </PPSE>
      </IR58>
      <cigeulis cultivar="yes">
         <DVRJ description="Development rate in juvenile phase (oCd-1)">.000600     </DVRJ>
         <DVRI description="Development rate in photoperiod-sensitive phase (oCd-1)">.000570     </DVRI>
         <DVRP description="Development rate in panicle development (oCd-1)">.000884     </DVRP>
         <DVRR description="Development rate in reproductive phase (oCd-1)">.001580     </DVRR>
         <MOPP description="Maximum optimum photoperiod (h)">11.50      </MOPP>
         <PPSE description="Photoperiod sensitivity (h-1)">0.0        </PPSE>
      </cigeulis>
      <IR72 cultivar="yes">
         <DVRJ description="Development rate in juvenile phase (oCd-1)">.000773     </DVRJ>
         <DVRI description="Development rate in photoperiod-sensitive phase (oCd-1)">.000758     </DVRI>
         <DVRP description="Development rate in panicle development (oCd-1)">.000784     </DVRP>
         <DVRR description="Development rate in reproductive phase (oCd-1)">.001784     </DVRR>
         <MOPP description="Maximum optimum photoperiod (h)">11.50      </MOPP>
         <PPSE description="Photoperiod sensitivity (h-1)">0.0        </PPSE>
      </IR72>
      <experimental cultivar="yes">
         <DVRJ description="Development rate in juvenile phase (oCd-1)">.001203     </DVRJ>
         <DVRI description="Development rate in photoperiod-sensitive phase (oCd-1)">.000920     </DVRI>
         <DVRP description="Development rate in panicle development (oCd-1)">.0009885     </DVRP>
         <DVRR description="Development rate in reproductive phase (oCd-1)">.002184     </DVRR>
         <MOPP description="Maximum optimum photoperiod (h)">11.50      </MOPP>
         <PPSE description="Photoperiod sensitivity (h-1)">0.0        </PPSE>
      </experimental>
      <amaroo cultivar="yes">
         <DVRJ description="Development rate in juvenile phase (oCd-1)">.000803     </DVRJ>
         <DVRI description="Development rate in photoperiod-sensitive phase (oCd-1)">.000820     </DVRI>
         <DVRP description="Development rate in panicle development (oCd-1)">.0009885     </DVRP>
         <DVRR description="Development rate in reproductive phase (oCd-1)">.001178     </DVRR>
         <MOPP description="Maximum optimum photoperiod (h)">11.50      </MOPP>
         <PPSE description="Photoperiod sensitivity (h-1)">0.0        </PPSE>
      </amaroo>
      <langi cultivar="yes">
         <DVRJ description="Development rate in juvenile phase (oCd-1)">.000923     </DVRJ>
         <DVRI description="Development rate in photoperiod-sensitive phase (oCd-1)">.000970     </DVRI>
         <DVRP description="Development rate in panicle development (oCd-1)">.0009885     </DVRP>
         <DVRR description="Development rate in reproductive phase (oCd-1)">.001182     </DVRR>
         <MOPP description="Maximum optimum photoperiod (h)">11.50      </MOPP>
         <PPSE description="Photoperiod sensitivity (h-1)">0.0        </PPSE>
      </langi>
      <quest cultivar="yes">
         <DVRJ description=".001033     ! Development rate in juvenile phase (oCd-1)">.001233 </DVRJ>
         <DVRI description=".001030     ! Development rate in photoperiod-sensitive phase (oCd-1)">.001230 </DVRI>
         <DVRP description=".001150     ! Development rate in panicle development (oCd-1)">.001190 </DVRP>
         <DVRR description=".001342     ! Development rate in reproductive phase (oCd-1)">0.001190</DVRR>
         <MOPP description="Maximum optimum photoperiod (h)">11.50      </MOPP>
         <PPSE description="Photoperiod sensitivity (h-1)">0.0        </PPSE>
      </quest>
      <riverina cultivar="yes">
         <DVRJ description="Development rate in juvenile phase (oCd-1)">.000803     </DVRJ>
         <DVRI description="Development rate in photoperiod-sensitive phase (oCd-1)">.000820     </DVRI>
         <DVRP description="Development rate in panicle development (oCd-1)">.0009885     </DVRP>
         <DVRR description="Development rate in reproductive phase (oCd-1)">.001178     </DVRR>
         <MOPP description="Maximum optimum photoperiod (h)">11.50      </MOPP>
         <PPSE description="Photoperiod sensitivity (h-1)">0.0        </PPSE>
      </riverina>
      <!--  Bangladesh varieties
      -->
      <local cultivar="yes">
         <DVRJ description="Development rate in juvenile phase (oCd-1)">.000773</DVRJ>
         <DVRI description="Development rate in photoperiod-sensitive phase (oCd-1)">.000758</DVRI>
         <DVRP description="Development rate in panicle development (oCd-1)">.000784</DVRP>
         <DVRR description="Development rate in reproductive phase (oCd-1)">.001984</DVRR>
         <MOPP description="Maximum optimum photoperiod (h)">11.50</MOPP>
         <PPSE description="Photoperiod sensitivity (h-1)">0.0</PPSE>
      </local>
      <BR3 cultivar="yes">
         <DVRJ description="Development rate in juvenile phase (oCd-1)">.000803</DVRJ>
         <DVRI description="Development rate in photoperiod-sensitive phase (oCd-1)">.000820</DVRI>
         <DVRP description="Development rate in panicle development (oCd-1)">.001600</DVRP>
         <DVRR description="Development rate in reproductive phase (oCd-1)">.001578</DVRR>
         <MOPP description="Maximum optimum photoperiod (h)">11.50</MOPP>
         <PPSE description="Photoperiod sensitivity (h-1)">0.0</PPSE>
      </BR3>
      <RICECHUZHOU cultivar="yes">
    <DVRJ description="Development rate in juvenile phase (oCd-1)">0.00168846875</DVRJ>
   <DVRI description="Development rate in photoperiod-sensitive phase (oCd-1)">0.00192565625</DVRI>
   <DVRP description="Development rate in panicle development (oCd-1)">.000644</DVRP>
   <DVRR description="Development rate in reproductive phase (oCd-1)">.001582</DVRR>
   <MOPP description="Maximum optimum photoperiod (h)">11.50</MOPP>
   <PPSE description="Photoperiod sensitivity (h-1)">0.0</PPSE>
      </RICECHUZHOU>

      <crop_type description="type of crop represented by oryza">rice             </crop_type>
      <specific_root_length description="Length of root per unit weight (mm/g)! set to same as wheat module">105000 </specific_root_length>
      <lape description="Initial leaf area per plant">0.0001               </lape>
      <ZRTTR description="Root depth at transplanting (m)">0.05                </ZRTTR>
      <TMPSB description="Temperature increase in seed-bed due to cover:Zero when no cover over seed-bed; 9.5 with seed-bed">0.                   </TMPSB>
      <TBD description="Base temperature for development (oC)">8.                  </TBD>
      <TMD description="Maximum temperature for development (oC)">42.                 </TMD>
      <TOD description="Optimum temperature for development (oC)">30.                 </TOD>
      <SHCKD description="Relation between seedling age and delay in phenological development (oCd oCd-1)">0.4                 </SHCKD>
      <FRPAR description="fraction of sunlight energy that is photosynthetically active (-)">0.5</FRPAR>
      <SCP description="Scattering coefficient of leaves for PAR (-)">0.2                 </SCP>
      <CO2REF description="Reference level of atmospheric CO2 (ppm)">340.                </CO2REF>
      <TCLSTR description="Time coefficient for loss of stem reserves (1 d-1)">10.                 </TCLSTR>
      <TREF description="Reference temperature (oC)">25.                 </TREF>
      <Q10 description="Factor accounting for increase in maintenance respiration with a 10 oC rise in temperature (-)">2.                  </Q10>
      <MAINLV description="Leaves:* Maintenance respiration coefficient (kg CH2O kg-1 DM d-1)">0.02   </MAINLV>
      <MAINST description="Stems">0.015  </MAINST>
      <MAINSO description="Storage organs (panicles)">0.003  </MAINSO>
      <MAINRT description="Roots">0.01   </MAINRT>
      <CRGLV description="Leaves:* Carbohydrate requirement for dry matter production (kg CH2O kg-1 DM leaf)">1.326  </CRGLV>
      <CRGST description="Stems">1.326  </CRGST>
      <CRGSO description="Storage organs (panicles)">1.462  </CRGSO>
      <CRGRT description="Roots">1.326  </CRGRT>
      <CRGSTR description="Stem reserves">1.11   </CRGSTR>
      <FSTR description="Fraction of carbohydrates allocated to stems that is stored as reserves (-)">0.20   </FSTR>
      <LRSTR description="Fraction of allocated stem reserves that is available for growth (-)">0.947  </LRSTR>
      <SPGF description="Spikelet growth factor (no kg-1)">64900.    </SPGF>
      <WGRMX description="Maximum individual grain weight (kg grain-1)">0.0000249 </WGRMX>
      <!--  SLA determination
      -->
      <ASLA description="(-)* SLA function parameters: (used when no sla table present..)">0.0024 </ASLA>
      <BSLA description="(-)* SLA = ASLA + BSLA*EXP(CSLA*(DVS-DSLA)), and SLAMAX">0.0025 </BSLA>
      <CSLA description="(-)">-4.5   </CSLA>
      <DSLA description="(-)">0.14   </DSLA>
      <SLAMAX description="maximum value of SLA (ha/kg)">0.0045 </SLAMAX>
      <!--  Uncomment these to use this stick function instead of the above fn.
      SLAT = 0.00   0.16   0.33   0.65   0.79   2.10   2.50   !
      SLA =  0.0045 0.0045 0.0033 0.0028 0.0024 0.0023 0.0023 !
      -->
      <RGRLMX description="Maximum relative growth rate of leaf area (oCd-1)">0.0085  </RGRLMX>
      <RGRLMN description="Minimum relative growth rate of leaf area (oCd-1)">0.0040  </RGRLMN>
      <SHCKL description="Relation between seedling age and delay in leaf area development (oCd oCd-1)">0.25    </SHCKL>
      <FCLV description="Leaves,* 7. Carbon balance parameters, Mass fraction carbon (kg C kg-1 DM) in the:">0.419  </FCLV>
      <FCST description="Stems">0.431  </FCST>
      <FCSO description="Storage organs (panicles)">0.487  </FCSO>
      <FCRT description="Roots">0.431  </FCRT>
      <FCSTR description="Stem reserves">0.444  </FCSTR>
      <GZRT description="Growth rate of roots (m d-1)">0.01   </GZRT>
      <ZRTMCW description="Maximum depth of roots if no drought stress (m)">0.25   </ZRTMCW>
      <ZRTMCD description="Maximum depth of roots if drought (m)">0.40   </ZRTMCD>
      <ZRTMS description="Maximum rooting depth in the soil (m)">1.0     </ZRTMS>
      <ULLS description="Upper limit leaf rolling (kPa)">74.13    </ULLS>
      <LLLS description="Lower limit leaf rolling (kPa)">794.33    </LLLS>
      <ULDL description="Upper limit death of leaves (kPa)">630.95    </ULDL>
      <LLDL description="Lower limit death of leaves (kPa)">1584.89    </LLDL>
      <ULLE description="Upper limit leaf expansion (kPa)">1.45    </ULLE>
      <LLLE description="Lower limit leaf expansion (kPa)">1404.      </LLLE>
      <!-- If defined, use tanner & sinclair linear Pot. Transp. relationship (p91).
      -->
      <ULRT description="Upper limit relative transpiration reduction (kPa)">74.13    </ULRT>
      <LLRT description="Lower limit relative transpiration reduction (kPa)">1584.89    </LLRT>
      <!--  (comment them out to use the woperis exponential form)
      Nitrogen parameters
      -->
      <NMAXUP description="Maximum daily N uptake (kg N ha-1 d-1)">8.      </NMAXUP>
      <RFNLV description="Residual N fraction of leaves (kg N kg-1 leaves)">0.004   </RFNLV>
      <FNTRT description="Fraction N translocation from roots as (additonal) fraction of total N translocation from stems and leaves (-)">0.15    </FNTRT>
      <RFNST description="Residual N fraction of stems (kg N kg-1 stems)">0.0015  </RFNST>
      <TCNTRF description="Time coefficient for N translocation to grains (d)">10.     </TCNTRF>
      <NFLVI description="Initial leaf N fraction (on area basis: g N m-2 leaf)">0.5     </NFLVI>
      <FNLVI description="Initial leaf N fraction (on weight basis: kg N kg-1 leaf)">0.025   </FNLVI>
      <NMAXSO description="Maximum N concentration in storage organs (kg N kg-1)">0.0175  </NMAXSO>
      <!--  Table of minimum N concentration in storage organs (kg N kg-1 DM;) as a function of the amount of N in the crop till flowering (kg N ha-1)
      -->
      <NMINSOT>0     50     150    250   400   1000  </NMINSOT>
      <nminso>0.006 0.0008 0.0125 0.015 0.017 0.017 </nminso>
      <!-- Table of maximum leaf N fraction on weight basis (kg N kg-1 leaves) as a function of development stage (-; X value):
      -->
      <NMAXLT>0.0   0.4   0.75  1.0   2.0   2.5 </NMAXLT>
      <NMAXL>0.053 0.053 0.040 0.028 0.022 0.015 </NMAXL>
      <!-- Table of minimum leaf N fraction on weight basis (kg N kg-1 leaves) as a function of development stage (-; X value):
      -->
      <NMINLT>0.0   1.0   2.1   2.5 </NMINLT>
      <NminL>0.025 0.012 0.007 0.007 </NminL>
      <vpd description="vapour pressure deficit for interpolation (hPa)">0 10 50       </vpd>
      <fvpd description="Interpolated VPD stress factor (0-1)">1 1  1        </fvpd>
      <IACC description="Switch used to determine accuracy of assimilation calculations">1             </IACC>
      <!--  Table of light use effiency (-; Y-value) as a function of temperature (oC; X value):
      -->
      <eff>0.54 0.54 0.36 </eff>
      <efft>0.   10.  40.  </efft>
      <!-- Table of specific green stem area (ha kg-1; Y value) as a function of development stage (-; X value):
      -->
      <ssgat>0.0    0.9    2.1    2.5      </ssgat>
      <ssga>0.0003 0.0003 0.0000 0.0000   </ssga>
      <!--  Table of light extinction coefficient for leaves as a function of development stage (-; X value):
      -->
      <KDFT>0.00 0.65 1.00 2.50  </KDFT>
      <KDF>0.4  0.4  0.6  0.6  </KDF>
      <!-- Table of extinction coefficient of N profile in the canopy as a functionof development stage (-; X value):
      -->
      <KNFT>0.0 2.5 </KNFT>
      <KNF>0.4 0.4 </KNF>
      <!-- Table of effect of temperature on AMAX (-; Y-value) as a function of temperature (oC; X value):
      -->
      <REDFT>-10. 10. 20. 37. 43.  </REDFT>
      <REDF>0.  0.  1.  1.  0.  </REDF>
      <!-- Table of N fraction in leaves on leaf area basis (g N m-2 leaf)as a function of development stage (-; X value):
      -->
      <NFLVT>0.00 0.16 0.33 0.65 0.79 1.00 1.46 2.02 2.50 </NFLVT>
      <NFLV>0.54 0.54 1.53 1.22 1.56 1.29 1.37 0.83 0.83 </NFLV>
      <!-- Table of fraction total dry matter partitioned to the shoot as a function of development stage (-; X value):
      -->
      <FSHT>0.00 0.43 1.00 2.50 </FSHT>
      <FSH>0.50 0.75 1.00 1.00 </FSH>
      <!-- Table of fraction shoot dry matter partitioned to the leaves as a function of development stage (-; X value):
      -->
      <FLVT>0.00 0.50 0.75 1.00 1.20 2.50  </FLVT>
      <FLV>0.60 0.60 0.30 0.00 0.00 0.00  </FLV>
      <!-- Table of fraction shoot dry matter partitioned to the stems as a function of development stage (-; X value):
      -->
      <FSTT>0.00 0.50 0.75 1.00 1.20 2.50 </FSTT>
      <FST>0.40 0.40 0.70 0.40 0.00 0.00 </FST>
      <!--  Table of fraction shoot dry matter partitioned to the panicles as a function of development stage (-; X value):
      -->
      <FSOT>0.00 0.50 0.75 1.00 1.20 2.50 </FSOT>
      <FSO>0.00 0.00 0.00 0.60 1.00 1.00 </FSO>
      <!-- Table of leaf death coefficient (d-1; Y-value) as a function of development stage (-; X value):
      -->
      <DRLVT>0.00  0.60  1.00  1.60  2.10  2.50   </DRLVT>
      <DRLV>0.000 0.000 0.015 0.025 0.050 0.050  </DRLV>
      <!-- Table of effect of N stress on leaf death rate (-; Y value) as a function of N stress level (-; X value):
      -->
      <NSLLVT>0.0 1.1 1.5 2.0 2.5   </NSLLVT>
      <NSLLV>1.0 1.0 1.4 1.5 1.5   </NSLLV>
      <cttmax description="cold temperature max amt (oC)">22.0</cttmax>
	  <httmax description="high temperature max amt (oC)">36.6</httmax>
      <!-- Default Establishment Parameters -->
      <transplant>
         <sbdur>50</sbdur>
         <nplh>10</nplh>
         <nh>2</nh>
         <nplsb>100</nplsb>
         <nplds>180</nplds>
      </transplant>
      <direct-seed>
         <sbdur>50</sbdur>
         <nplh>10</nplh>
         <nh>2</nh>
         <nplsb>100</nplsb>
         <nplds>180</nplds>
      </direct-seed>

   </Model>
   
</Type>